filename,title,category,document_id,status,error
KB-0150-电费缴纳指南.md,电费缴纳指南,生活服务,68d8c964-2f65-4542-aaeb-7535301e2da1,ok,
KB-0151-宿舍报修流程.md,宿舍报修流程,生活服务,c76bb0d7-1180-41bf-afe4-12a6762a10fc,ok,
KB-0152-校园卡办理与使用.md,校园卡办理与使用指南,生活服务,0d1e9952-fc11-4657-8734-14eb313999e5,ok,
KB-0153-水电管理与节约.md,水电管理与节约要求,生活服务,3b59d355-b8b4-4aff-b423-ece4ec04a3ca,ok,
KB-0154-学生公寓管理规定.md,学生公寓管理规定,生活服务,db516558-d764-4a95-8975-84861899be79,ok,
KB-0155-请假销假制度.md,学生请假销假制度,学生管理,0fe4a727-9ec1-46d5-b0d8-519f053a9e0b,ok,
KB-0156-奖学金评定指南.md,奖学金评定指南,学生资助,a12293d0-5901-4c38-9787-a985e38b132c,ok,
KB-0157-学生纪律处分规定.md,学生纪律处分规定,学生管理,374985a3-3ae1-4f59-bcc9-b77e47b4ce4e,ok,
KB-0158-图书馆使用指南.md,图书馆使用指南,生活服务,8a7447ff-3cdb-43e0-841a-d2382efc487a,ok,
KB-0159-学籍管理规定.md,学籍管理规定,学业管理,b9b0ff40-23e3-4b29-8b66-391226c83c9d,ok,
KB-0160-校园交通安全管理.md,校园交通安全管理,校园安全,d4e41bc6-132a-4b9c-9e13-6d4701d74e34,ok,
KB-0161-勤工助学指南.md,勤工助学指南,学生资助,56228a51-f184-481a-a725-028063eb6d24,ok,
KB-0162-困难认定与助学金申请.md,困难认定与助学金申请指南,学生资助,166672d2-8fb6-4739-b1f2-15d3c7ebeb42,ok,
KB-0163-助学贷款指南.md,助学贷款指南,学生资助,c0710bfb-b5a2-4075-8e3a-0a7b5a12cc63,ok,
KB-0164-学费缴纳指南.md,学费缴纳指南,学业管理,9acfa53f-4238-4b89-9b12-6037a41d2d1e,ok,
KB-0165-考试纪律与违纪处理.md,考试纪律与违纪处理,学业管理,5f7372f5-9b10-4de7-a8b4-3c98da6824c4,ok,
KB-0166-校外住宿管理规定.md,校外住宿管理规定,生活服务,3d917042-3cd3-460e-8d18-dfd0fe923807,ok,
KB-0167-心理健康教育与咨询.md,心理健康教育与咨询服务,学生服务,304ee1fa-08d8-46e7-8108-f8a2fb3c066c,ok,
KB-0168-出国留学指南.md,出国留学指南,学业发展,f0ee83bc-dc5a-4451-b254-3d306bd03d97,ok,
KB-0169-学生证件管理.md,学生证件管理,学生管理,2a468c0b-b714-4dbd-a7ba-defc4c60ce12,ok,
KB-0170-食堂就餐公约.md,食堂就餐公约,生活服务,1600e44a-b994-4a3b-b2ae-a65c971ffe52,ok,
KB-0171-绿色通道与学费减免.md,绿色通道与学费减免,学生资助,d8f21f77-0ec1-425d-95b8-3794f87c6be2,ok,
KB-20260324-0001.md,新生入学报到与学籍注册规则,入学与学籍,de48a6d5-826f-478d-bbf0-b2f0aa9c7708,ok,
KB-20260324-0002.md,本科生励志奖学金申请评审规则,奖助贷补,ced5c848-760f-4a50-959b-b28bf716a3a0,ok,
KB-20260324-0003.md,教育在线学籍名单核对流程,入学与学籍,c1cf94c2-e7d0-47ec-9147-1e09c34bff7d,ok,
KB-20260324-0004.md,学信网学籍注册核验与身份证号重复处理,入学与学籍,ab14dff8-2358-4c2f-8dbd-9ffad5a08c33,ok,
KB-20260324-0005.md,2025级新生入学资格审查与录取资格复查流程,入学与学籍,36a0ce93-889e-40c6-87c8-aefbaf41ba6b,ok,
KB-20260324-0006.md,家庭经济困难认定与助学金评审时间节点,奖助贷补,e7352b32-2ae2-41a5-bd42-f397c251f87f,ok,
KB-20260324-0007.md,一网通办国家助学金评审操作流程,奖助贷补,0a18e52e-c426-46d9-ba46-2533b70d7325,ok,
KB-20260324-0008.md,校内勤工助学岗位申报与管理流程,奖助贷补,fb069471-4d47-41a5-aad5-78f21864ce09,ok,
KB-20260324-0009.md,2025级新生心理健康测评组织要求,心理与测评,844cfb8d-81dd-4972-abf3-ed551d328d1b,ok,
KB-20260324-0010.md,学生端心理测评登录与提交流程,心理与测评,602f133f-5f96-4231-bcd6-4c0aba79af4c,ok,
KB-20260324-0011.md,心理测评平台高频问题处理规则,心理与测评,0e141e79-257f-4cbd-96c6-07b73bb7467e,ok,
KB-20260324-0012.md,校园卡实体卡挂失与补卡流程,证件与校园服务,833e9cca-532b-45e3-aea3-cfc922a2cad2,ok,
KB-20260324-0013.md,第二课堂积分认定与学分转换规则,竞赛与第二课堂,73a2d15f-7ca1-434e-842d-5ad968c962c6,ok,
KB-20260324-0014.md,毕业生离校退宿办理规则,就业与毕业,98897666-fcf1-45e9-bd32-1113e6c49f81,ok,
KB-20260324-0015.md,毕业生档案信息核对与更正规则,就业与毕业,25de74fa-4cd2-468e-9f6b-207290d729cd,ok,
KB-20260324-0016.md,学生心理测评参与与异常处理规则,心理与测评,8d1e1184-3d2c-4f30-81b5-d2f30ad39725,ok,
KB-20260324-0017.md,校园卡挂失与补卡办理规则,证件与校园服务,c9f44876-96d7-4313-9e1d-aba4bf55bf61,ok,
KB-20260324-0018.md,第二课堂成绩单认定与查询规则,竞赛与第二课堂,670fc954-8662-40f9-8b7e-0f9eb6f3bb83,ok,
KB-20260324-0019.md,毕业证学位证代领委托规则,就业与毕业,e8ea6a62-c24b-4d1f-96be-041b4b20f8d4,ok,
KB-20260324-0020.md,毕业生应征入伍政策与报名流程,就业与毕业,589ef56f-65ce-4889-a5a4-fe5b46b11e94,ok,
KB-20260324-0021.md,助学金评审通知模板通用规则,奖助贷补,a033430c-0961-464b-b392-8393fc5f969a,ok,
KB-20260324-0022.md,一网通办助学金申请模板操作规则,奖助贷补,cc0dffb0-8076-4a58-8b33-25a4e181c347,ok,
KB-20260324-0023.md,2025级新生入学资格复查登记表填报与归档规则,入学与学籍,7ac74c99-8695-4c22-9e7c-a6208932ee26,ok,
KB-20260324-0024.md,国家助学金申请表填写与提交规则（2025-2026学年新生版）,奖助贷补,be5dfb85-b798-4405-a013-c3e18acc2030,ok,
KB-20260324-0025.md,本专科生国家助学金实施细则（2025-2026学年版）,奖助贷补,00b6546b-2757-484b-969f-a91b65c4cdd7,ok,
KB-20260324-0026.md,关于做好2025-2026学年本科生国家助学金评选工作的通知（新生版）,奖助贷补,f7e9e31a-1090-4777-b64e-4923f6b3e236,ok,
KB-20260324-0027.md,一网通办系统学生端申请操作说明（2025秋家庭经济困难认定版）,奖助贷补,d69a343c-e163-4b1d-ae2c-3e0414ac8a47,ok,
KB-20260324-0028.md,关于开展2025-2026学年家庭经济困难认定工作的通知（新生版）,奖助贷补,52699d61-c1a5-4c47-80fc-5d7bef8aeec8,ok,
KB-20260324-0029.md,一网通办系统学院/班级管理端操作说明（2025秋困难认定版）,奖助贷补,c5693cd3-2982-4ff4-94ce-ab80a4d2a452,ok,
KB-20260324-0030.md,毕业生登记表填写与提交规则,就业与毕业,3633956e-0306-4737-a720-9d391ca7b759,ok,
KB-20260324-0031.md,高校毕业生档案转递单功能操作说明,就业与毕业,9895617c-bdc2-4b28-bed0-e3333610cdd5,ok,
KB-20260324-0032.md,2025届困难群体毕业生就业帮扶政策说明,就业与毕业,654cf822-3d4e-4893-9b15-8c6c8e365eb4,ok,
KB-20260324-0033.md,"2025届毕业生就业""百日冲刺""行动通知说明",就业与毕业,db6c49dd-c71d-4547-828e-0e2f106cf11d,ok,
KB-20260324-0034.md,2025届毕业生就业政策宣传月活动通知说明,就业与毕业,312a4479-a41b-41f3-baea-68db8eed0245,ok,
KB-20260324-0035.md,智慧团建系统团支部转出操作说明（新生团关系转入）,就业与毕业,e8fb2de1-d79b-42e0-8004-b7a328bd76d9,ok,
KB-20260324-0036.md,免予执行《国家学生体质健康标准》申请表填报规则,事务申请与审批,742f20f1-ca91-44e6-a958-79b9a38ae9fc,ok,
KB-20260324-0037.md,HRU大赛期间外媒采访报备规则,事务申请与审批,d149f072-bd96-4651-8690-93f89884e77d,ok,
KB-20260324-0038.md,院级优秀学生评选通知说明,奖助贷补,7b07f6f7-4fd6-4faf-b199-775018602b49,ok,
KB-20260324-0039.md,体质健康测试承诺书填写与提交规则,事务申请与审批,483386cb-af73-429a-bb16-eca4d6e4d9b2,ok,
KB-20260324-0040.md,2025年外研社校级比赛报名与参赛说明,竞赛与第二课堂,31c6d055-df74-4316-9867-d33d11ae622d,ok,
KB-20260324-0041.md,"第十届全省""学宪法讲宪法""省级比赛选拔通知说明",竞赛与第二课堂,591a1534-4520-451f-9e7d-529bbf25d378,ok,
KB-20260324-0042.md,"""宪法卫士""2025年行动计划参与说明",竞赛与第二课堂,b411002b-f79d-4b20-8dd3-18112522dff7,ok,
KB-20260324-0043.md,大学生医保停保手续办理说明,证件与校园服务,793e9cba-7d55-46f0-bb02-1b4dd78e13c5,ok,
KB-20260324-0044.md,2026年元旦假期学生安全教育与离返校管理要求,事务申请与审批,0f104aa2-820f-4529-989d-6a7e2fb6be2b,ok,
KB-20260324-0045.md,医药管理学院新生家长见面会（家校交流会）活动流程说明,入学与学籍,b31ad251-4889-4c59-adfe-0bbde402dd7d,ok,
KB-20260324-0046.md,本专科生国家和省政府奖学金实施细则（省政府奖学金评审通知附件版）,奖助贷补,74a797eb-b0f4-4604-b6ea-9ecdd52de817,ok,
KB-20260324-0047.md,关于做好2024-2025学年本科生省政府奖学金评选工作的通知（模板版）,奖助贷补,f7cbcff7-b3f3-43bb-a805-06b7b70688de,ok,
KB-20260324-0048.md,本专科生国家和省政府奖学金实施细则（国家奖学金评审通知附件版）,奖助贷补,40b6306b-d05d-4628-a17f-7c18a48e7a80,ok,
KB-20260324-0049.md,关于做好2024-2025学年本科生国家奖学金评选工作的通知（模板版）,奖助贷补,c43186d6-a61c-442e-9f29-9b99ee67e301,ok,
KB-20260324-0050.md,2024-2025学年本科生国家励志奖学金和省政府励志奖学金评审说明,奖助贷补,14be965e-3016-4704-a706-f5fc0235809b,ok,
KB-20260324-0051.md,励志奖学金评审核心审核要点说明（模板版）,奖助贷补,6b8f2dad-fcb9-48b3-a401-e9362a083143,ok,
KB-20260324-0052.md,国家助学金申请表（模板版）,奖助贷补,fd7d53cb-a4c9-4b2d-8a5c-8c7e765322d2,ok,
KB-20260324-0053.md,本专科生国家助学金实施细则（模板版）,奖助贷补,f6dd752c-8193-47df-ad2b-97225f40b1dc,ok,
KB-20260324-0054.md,关于做好本科生国家助学金评选工作的通知（模板版）,奖助贷补,547a050c-e8e0-4d4f-8f10-1b5658dbecdb,ok,
KB-20260324-0055.md,一网通办系统学生端申请操作说明（助学金评审附件版）,奖助贷补,54a4aca3-6774-4d70-bf98-235eda035945,ok,
KB-20260324-0056.md,一网通办系统学生端申请操作说明（困难认定通知附件版）,奖助贷补,5495dee3-91dd-471c-9468-27ca77820e45,ok,
KB-20260324-0057.md,关于开展家庭经济困难认定工作的通知（模板版）,奖助贷补,2b03a330-2c90-4afd-921b-0a95389f1137,ok,
KB-20260324-0058.md,一网通办系统学院/班级管理端操作说明（困难认定模板版）,奖助贷补,f9f54ad0-ee8c-4bb8-84de-5f556ec35dcc,ok,
KB-20260324-0059.md,关于评选2024-2025学年校级综合奖学金的通知（模板版）,奖助贷补,2ee0bee2-1f2f-4a17-a8a7-b4f739cd58ee,ok,
KB-20260324-0060.md,医药管理学院2025-2026学年学生综合素质测评办法（暂行）说明,心理与测评,f48b9db5-5665-47ef-9273-fefd22ece791,ok,
KB-20260324-0101.md,新生入学资格审查和录取资格复查登记表,入学与学籍,d8538cc5-cb0a-4614-9141-635495862a75,ok,
KB-20260324-0102.md,2025级新生入学资格审查和录取资格复查资料汇总,入学与学籍,5b2a5a46-671d-4ab2-9cb0-7e53b1809588,ok,
KB-20260324-0105.md,医药管理学院学生综合素质测评办法,心理与测评,1089e4a0-52a5-4c4d-80dd-21400f688e5d,ok,
KB-20260324-0106.md,学生考试结束申请留校住宿家长知情同意书,证件与校园服务,4e938c03-e327-4b8c-8fde-ebc8ce711ca4,ok,
KB-20260324-0107.md,免予执行《国家学生体质健康标准》申请流程,事务申请与审批,195ed4d6-ffb0-4cb2-93f7-12b34d3d0473,ok,
KB-20260324-0108.md,HRU大赛媒体采访报备流程,事务申请与审批,5822441d-d9ba-45ca-b94f-56cf97b88c41,ok,
KB-20260324-0109.md,入团申请书撰写规范,事务申请与审批,f0ae1e87-9d47-444c-8190-1f24a16d1036,ok,
KB-20260324-0110.md,体质健康测试承诺书及注意事项,事务申请与审批,92c9c7dd-ebe6-4d6d-abfe-3b3bc47a42a2,ok,
KB-20260324-0111.md,2025外研社·国才杯英语能力大赛校赛通知,竞赛与第二课堂,fd65ddc0-8278-4997-b6c1-e39048064e85,ok,
KB-20260324-0112.md,第十届全省学生学宪法讲宪法活动省级比赛通知,竞赛与第二课堂,cbfec6b9-e74d-451e-a52e-1b722f498425,ok,
KB-20260324-0113.md,2025年宪法卫士行动计划参与指南,竞赛与第二课堂,703470d0-5c1f-46d6-bff8-b915fc309f73,ok,
KB-20260324-0114.md,居民医保停保办理流程,证件与校园服务,35e98a20-8a9f-4124-88d6-0dcc633946f9,ok,
KB-20260324-0115.md,2026元旦假期学生安全教育管理工作通知,事务申请与审批,60881e50-8251-486c-8903-517a37ba6321,ok,
KB-20260324-0116.md,大型活动审批报备流程,事务申请与审批,61d8c4c0-5885-4051-9773-bb58fe497904,ok,
KB-20260324-0117.md,入党申请书撰写说明,事务申请与审批,c08e38c7-6b1f-4566-a9a0-3e319fa0bb1b,ok,
KB-20260324-0118.md,中国大学生心理健康测评系统操作手册（辅导员版）,心理与测评,41478f66-e3bb-4d11-8bfd-aa42c866e727,ok,
KB-20260324-0119.md,重点关注学生台账模板,心理与测评,d53bf518-b58d-4b2e-b2b3-22bd7e708c7b,ok,
KB-20260324-0120.md,心理测评各环节注意事项,心理与测评,8617b1f7-0e38-433d-8861-9d533b6c3b64,ok,
KB-20260324-0121.md,学生心理测评登录入口指南,心理与测评,6cc9fe0a-ca18-426a-9b4f-94f60d579309,ok,
KB-20260324-0122.md,学生心理筛查后关注对象约谈提纲,心理与测评,22281eaa-c769-4a22-96d8-3e3a0a32c829,ok,
KB-20260324-0123.md,学生心理普查约谈记录表,心理与测评,81b3d47e-ae40-4fcd-a26c-f7e98ceec996,ok,
KB-20260324-0124.md,2024-2025学年国家助学金申请表,奖助贷补,eed193cf-3f31-4f76-876f-72f89cb4678f,ok,
KB-20260324-0125.md,本专科生国家助学金实施细则,奖助贷补,6b8588a4-d73a-42c6-91a9-565be154d55d,ok,
KB-20260324-0126.md,关于做好2025-2026学年本科生国家助学金评审工作的通知,奖助贷补,76fed23b-dfd4-47ce-9842-104b25de998c,ok,
KB-20260324-0127.md,山东省学生资助一网通办系统学生申请操作说明,奖助贷补,9d60f373-62e6-4f18-a5bf-c87a1785cc3b,ok,
KB-20260324-0128.md,关于开展2025-2026学年家庭经济困难学生认定工作的通知,奖助贷补,a064872f-a623-4b6d-b6b4-7dbea586994a,ok,
KB-20260324-0129.md,山东省学生资助一网通办系统学院、班级操作说明,奖助贷补,5f11f72f-d268-48f2-a325-a2624eeee4bb,ok,
KB-20260324-0130.md,医药管理学院2024-2025学年院级优秀评选通知,奖助贷补,947c865a-5868-4eb6-9ee3-2a3dd67f5d7c,ok,
KB-20260324-0136.md,团员组织关系介绍信参考模板,就业与毕业,b700f496-a71e-41e0-aa03-32eda921250b,ok,
KB-20260324-0137.md,在读或预毕业证明中英文模板（外合部）,就业与毕业,b1ef81b1-d096-4a4c-a139-e5e7c0c03ef9,ok,
KB-20260324-0138.md,校园卡补办流程,生活服务,3cd862e4-daf5-4f18-885c-c3faa5e1c388,ok,
KB-20260324-0139.md,学生证补办流程,生活服务,46b4f8a6-4e57-4b54-a703-3e6d45e588ee,ok,
KB-20260324-0140.md,学费住宿费缴费流程,生活服务,34511d52-57bd-4063-a774-0aadfca7ff89,ok,
KB-20260324-0141.md,银行卡使用说明,生活服务,6bab5e41-3695-4569-8528-32a72e81c1f0,ok,
KB-20260324-0142.md,心理咨询预约方式,生活服务,43dfe256-5ce0-462d-ba49-7632b7a3f499,ok,
KB-20260324-0143.md,图书馆座位预约规则,生活服务,248828bf-34d3-4c1e-9e1d-ee393cf73c5b,ok,
KB-20260324-0144.md,图书借阅规则,生活服务,f5180bd0-be38-4d57-a126-c37f36404daf,ok,
KB-20260324-0145.md,勤工助学岗位申请指南,生活服务,ffcae58e-113c-4ea7-878d-268ee8c4895d,ok,
KB-20260324-0146.md,家庭经济困难认定申请流程,生活服务,3c63001f-b60b-4d77-bf47-4b8b2b1a177f,ok,
KB-20260324-0147.md,基层就业毕业生学费补偿与助学贷款代偿,生活服务,1b54d068-e6a2-402c-8824-8c5dc5fa1f3f,ok,
KB-20260324-0148.md,学校各职能部门咨询电话,生活服务,cc66e5de-e717-417d-b90a-e6c4f1972495,ok,
KB-20260324-0149.md,心理测评参与方式,生活服务,3188f7dd-e770-463f-b163-4718615b2ee6,ok,
KB-20260409-0001.md,上课时间表,教务与课程,7817dc66-0214-4ebc-951b-77a69110643b,ok,
KB-20260409-0002.md,学期与周次说明,教务与课程,cbd6f997-493b-467d-b825-3668cbb2de19,ok,
KB-20260409-0003.md,济南校区学生服务电话汇总,证件与校园服务,4f82576a-6966-4114-8a60-4a77239a3b2d,ok,
KB-20260409-0004.md,泰安校区学生服务电话汇总,证件与校园服务,62f7468b-8fd0-4cec-9f1c-535191e8c8a7,ok,
KB-20260409-0005.md,教务处联系方式,教务与课程,12677a7a-954a-42ee-8b46-0d6727e4bc8d,ok,
KB-20260409-0006.md,校医院与医疗服务,生活服务,25140d5a-a0b1-48ba-8387-6cc68ec0cba5,ok,
KB-20260409-0007.md,通勤车服务说明,生活服务,17d7a49e-267d-4c2a-960c-336a1163e732,ok,
KB-20260409-0008.md,保卫处/校园安全电话,证件与校园服务,b11c5157-3737-48e2-9090-2d4beaf0194f,ok,
KB-20260409-0009.md,后勤服务联系方式,生活服务,1f0a696a-94de-437d-8957-5417e8faf67a,ok,
KB-20260409-0010.md,招生就业部联系方式,招生与深造,70b4214c-0a8b-43f5-94d1-eca63ca01b37,ok,
KB-20260409-0011.md,学生资助中心联系方式,奖助贷补,a5b7ea71-df5f-41ce-bacc-c37df920af4d,ok,
KB-20260409-0012.md,现代教育技术中心（网络信息中心）联系方式,信息化服务,d748774a-df70-4037-ad0d-6c7c0a5f828a,ok,
KB-20260409-0013.md,统一身份认证账号激活流程,信息化服务,ab2ccf8e-e263-4044-bf96-f91db2c3befa,ok,
KB-20260409-0014.md,信息门户密码重置方法,信息化服务,0d58e0e7-68ed-4aaa-beee-f685547ce590,ok,
KB-20260409-0015.md,信息门户登录与功能简介,信息化服务,77cdf29e-fcd2-4880-b489-c70efe9f9568,ok,
KB-20260409-0016.md,企业微信绑定与使用入门,信息化服务,d178e61a-ea13-472a-84db-ee890638ee8c,ok,
KB-20260409-0017.md,VPN 校外访问设置,信息化服务,40e24d17-3108-4f2c-8aa1-d8f7c718a9d4,ok,
KB-20260409-0018.md,统一消息平台使用说明,信息化服务,e5693ffd-1669-47fb-972d-9384fc258b11,ok,
KB-20260409-0019.md,泰安校区有线网络连接指南,信息化服务,1f86154f-2c3a-42d1-b8be-16b5d2c10f90,ok,
KB-20260409-0020.md,校园WiFi使用规范,信息化服务,e48b697d-4305-4b90-adbe-41bcfd2d8c7d,ok,
KB-20260409-0021.md,校园网常见问题与技术支持,信息化服务,d41e5571-026e-4476-9707-f7ccf581b346,ok,
KB-20260409-0022.md,校园一卡通功能与使用说明,证件与校园服务,7ac08bb3-c347-4d76-8484-6bd034bb85bf,ok,
KB-20260409-0023.md,一卡通充值方式,证件与校园服务,7e7a4463-7f41-4572-8913-2403e0c60c21,ok,
KB-20260409-0024.md,一卡通挂失与补办流程,证件与校园服务,0d51e44c-04a6-4feb-8777-fe884323372c,ok,
KB-20260409-0025.md,图书馆开馆时间（各馆）,图书馆,28484865-b4e5-4c20-8cc4-5c86d98622c7,ok,
KB-20260409-0026.md,图书借阅规则与续借,图书馆,18253ad9-e62d-487a-b2fe-dbd634c361a4,ok,
KB-20260409-0027.md,24小时自习室使用指南,图书馆,6675b3b6-ee21-4939-aa91-4d4c82d56503,ok,
KB-20260409-0028.md,图书馆电子资源与数据库使用,图书馆,627a1193-f792-4012-9def-8fef6c061fe8,ok,
KB-20260409-0029.md,图书馆座位预约与服务,图书馆,75dde5cd-d293-4dad-81f5-29852ca9c9fd,ok,
KB-20260409-0030.md,图书馆联系方式与服务导览,图书馆,c22a8450-ebcb-4118-adc5-2a492b78be91,ok,
KB-20260409-0031.md,网上报修操作指南,生活服务,22de4391-d940-401c-8071-6cb7e03d1845,ok,
KB-20260409-0032.md,企业微信主要功能一览,信息化服务,a7bad1e5-5d92-4748-a4bd-a67681edc2a2,ok,
KB-20260409-0033.md,缴费平台与缴费方式总览,生活服务,a41330f7-172b-43c7-90d0-25a15b8eac8b,ok,
KB-20260409-0034.md,人脸采集与证件照上传规范,证件与校园服务,ec960fbc-5ab5-493f-bab7-acac6b6edbae,ok,
KB-20260409-0035.md,对外交流与访学奖学金,招生与深造,3f9d86a7-ccf8-4fec-8888-d53e9c3a47e4,ok,
KB-20260409-0036.md,教务系统登录与功能总览,教务与课程,520b5d85-d76a-420c-ab34-a15faefd1ab2,ok,
KB-20260409-0037.md,教务系统常见问题,教务与课程,112e44a9-3d09-43f7-849c-dedd28161df8,ok,
KB-20260409-0038.md,选课操作流程,教务与课程,784098da-0949-4a4e-b222-a2531809fd4d,ok,
KB-20260409-0039.md,选课退课申请规则,教务与课程,2aa14c8c-66f8-4a24-8865-eed87e10af28,ok,
KB-20260409-0040.md,课程分类体系说明,教务与课程,b8b9c5fe-3f74-4eff-b02e-f5a1199aafa2,ok,
KB-20260409-0041.md,网络在线选修课选课指南,教务与课程,a3f2a7f8-1b13-4c76-816b-b9316800ac3b,ok,
KB-20260409-0042.md,成绩查询操作指南,教务与课程,3c3b71f3-ea5d-43cc-b821-1ac6d6116d87,ok,
KB-20260409-0043.md,绩点计算方法,教务与课程,c67e42f3-7270-45d3-8d62-83ccc0af125b,ok,
KB-20260409-0044.md,成绩审查与复议流程,教务与课程,3a7d9580-bf01-4565-b9cc-d9e9b4d796b5,ok,
KB-20260409-0045.md,考试安排查询,教务与课程,020a1ba8-0c6d-4110-aee2-fcc8d7d3b4b9,ok,
KB-20260409-0046.md,缓考申请流程,事务申请与审批,9c993e05-a01d-4cdf-9e7c-b26b364dc362,ok,
KB-20260409-0047.md,重修重考报名指南,教务与课程,8d97d331-6382-49b4-8a13-24f4f19a1252,ok,
KB-20260409-0048.md,免修免考申请条件,事务申请与审批,64112b9c-9886-447d-996b-b3d06a155a49,ok,
KB-20260409-0049.md,学分制管理说明,教务与课程,383ba8ec-ad52-400d-b9f5-47a0547e2d4a,ok,
KB-20260409-0050.md,学分互认申请流程,事务申请与审批,0dff2ae7-754e-42a3-a101-3cce0dd7675d,ok,
KB-20260409-0051.md,培养方案与教学计划说明,教务与课程,ead851a4-bf3a-4142-ba87-646f3c0d7b7d,ok,
KB-20260409-0052.md,个人教学计划查看与修改,事务申请与审批,8b9a8c5e-6b95-4638-9391-ddedb31cae45,ok,
KB-20260409-0053.md,空教室查询方法,教务与课程,8b500eb6-af16-4839-a18c-68da528ca99d,ok,
KB-20260409-0054.md,教学评价（评教）操作指南,教务与课程,8e99f2b9-6e15-4717-bb8f-47a4d384ba53,ok,
KB-20260409-0055.md,校历与学期时间安排,教务与课程,5d03f9cc-d524-4116-bb1d-e719eea490ed,ok,
KB-20260409-0056.md,国家奖学金/省政府奖学金评审流程,奖助贷补,e6c419ac-0d8e-4d23-a1d1-8e9eda9f3453,ok,
KB-20260409-0057.md,助学金申请时间线与材料清单,奖助贷补,70fa45ec-4390-4c04-964e-1f21d80d7066,ok,
KB-20260409-0058.md,宿舍入住与换宿流程,入学与学籍,242655a9-d519-455a-a1f8-eec8e3050fc3,ok,
KB-20260409-0059.md,宿舍安全管理要点,生活服务,8a268757-8e0b-46d9-889b-5ef350afa91a,ok,
KB-20260409-0060.md,毕业离校流程总览,就业与毕业,95b30c03-fe34-4bbe-8006-4f5d6d301816,ok,
KB-20260409-0061.md,毕业离校各部门办理指南,就业与毕业,f3871003-b067-49dd-85dc-7f3d237946d3,ok,
KB-20260409-0062.md,学费标准与缴费方式,奖助贷补,4042e953-1e25-4038-af07-804179c8f1a6,ok,
KB-20260409-0063.md,未缴费的影响与处理,教务与课程,8ceca348-ed17-440f-9b7e-b8a8e988a9a1,ok,
KB-20260409-0064.md,心理咨询热线与预约方式,心理与测评,9e2b70d1-e066-4cf9-bf5a-9f253b042b50,ok,
KB-20260409-0065.md,投诉建议渠道（接诉即办）,证件与校园服务,880fac12-37eb-44a2-89e0-03c67cf3dbc5,ok,
KB-20260409-0066.md,休学/复学申请流程,入学与学籍,ad6572b6-e50a-4064-ab39-76f4531eb6e3,ok,
KB-20260409-0067.md,转专业申请流程,入学与学籍,c469f8cf-80c5-4277-8a94-8d2884ef9cc4,ok,
KB-20260409-0068.md,人脸采集与证件照规范,证件与校园服务,3c86f214-99a4-4641-ad27-814683f4e174,ok,
KB-20260409-0069.md,山东第一医科大学简介,学校概况,e7fd4f24-6416-4eaf-90f2-6854cc64c97b,ok,
KB-20260409-0070.md,校区分布与交通,学校概况,50fe4e15-94aa-418e-91f3-573b56f43e83,ok,
KB-20260409-0071.md,本科招生专业一览,招生与深造,8b0cba03-5e64-402d-b15a-af01380a5a6e,ok,
KB-20260409-0072.md,优势学科与特色项目介绍,学校概况,5ce8f9a4-2ee4-47d3-8dcc-dbbfe8234dce,ok,
KB-20260409-0073.md,研究生招生概况与报考指南,招生与深造,d379b994-a53c-4ac9-a314-54ef35ab1e63,ok,
KB-20260409-0074.md,推免（保研）政策要点,招生与深造,84135ad4-f772-4c56-8b54-6091174598a2,ok,
KB-20260409-0075.md,就业信息网使用指南,就业与毕业,37f220de-2687-4bc3-aa87-56859e989ea2,ok,
KB-20260409-0076.md,校园招聘会与就业指导,就业与毕业,501da4c2-caad-44af-903d-e2075c8868d7,ok,
KB-20260409-0077.md,就业协议与报到证办理,就业与毕业,78c555e8-3a15-415f-acd5-56500021be97,ok,
KB-20260409-0078.md,大创项目申报指南,竞赛与第二课堂,fc137032-6faf-4999-8484-c14ebbba2ec1,ok,
KB-20260409-0079.md,学科竞赛参与途径,竞赛与第二课堂,94fcde51-784f-473e-9138-8a3bc0b11486,ok,
KB-20260409-0080.md,继续教育/成人教育报名,招生与深造,14c8aae9-1ac8-45a0-ae1f-40648f358cf6,ok,
KB-20260409-0081.md,学术讲座信息获取渠道,竞赛与第二课堂,f690f30b-433b-40e5-9aba-b581ce94e275,ok,
KB-20260409-0082.md,网上服务大厅功能一览,信息化服务,553a66b9-bd71-4050-ab5a-37a58f93db57,ok,
KB-20260409-0083.md,在线学习平台使用指南,教务与课程,fa36aa20-79b9-4e94-b0fa-7cd93c56d430,ok,
KB-20260409-0084.md,英语四六级与计算机等级考试报名,教务与课程,f17452f9-898c-4d6d-9cd8-a87b9e46efbc,ok,
KB-20260410-0001.md,科研部联系方式与办公信息,证件与校园服务,6a8ae61a-6b80-429f-a929-546d194d3717,ok,
KB-20260410-0002.md,国家自然科学基金项目申报指南,科研与创新,dc4f265d-5472-4a21-a2c6-48a0f35d77a9,ok,
KB-20260410-0003.md,山东省科研项目申报与管理,科研与创新,548b361d-4d07-432b-8884-a0969d3e72c9,ok,
KB-20260410-0004.md,横向科研项目管理办法,科研与创新,ace1454c-1854-43b0-ab6a-342ca4d74670,ok,
KB-20260410-0005.md,学术活动与科研平台建设,科研与创新,51c45e66-6265-45b2-98e3-1a7161adc592,ok,
KB-20260410-0006.md,博士研究生招生章程与报考须知,研究生教育,676e32b8-22cc-4202-8138-e57617368863,ok,
KB-20260410-0007.md,研究生招生复试与调剂政策,研究生教育,cf3f07e9-0a9f-4b3a-950f-c90c433d40f0,ok,
KB-20260410-0008.md,本科直博生接收政策,研究生教育,3e0dcb85-963e-4ff4-8339-16571fdc70e3,ok,
KB-20260410-0009.md,研究生导师队伍与导师查询,研究生教育,a4165c59-42f0-4be7-964a-a4c1cccf3a8d,ok,
KB-20260410-0010.md,研究生教育概况与学位授权点,研究生教育,8b5adbe8-11e9-4123-8108-fd6ef4de0a18,ok,
KB-20260410-0011.md,研究生学位论文要求与答辩流程,研究生教育,0727fbfd-27ea-418d-bde5-c8dea8a65d01,ok,
KB-20260410-0012.md,研究生培养方案与学籍管理,研究生教育,f148a737-aad5-4f0a-a9de-93b427ade6db,ok,
KB-20260410-0013.md,研究生奖助学金体系,研究生教育,f5b18a78-e37a-4992-9096-7996c1acab1c,ok,
KB-20260410-0014.md,同等学力申请硕士学位,研究生教育,c9766eb8-1eee-4c0a-a317-ef2f62c046e1,ok,
KB-20260410-0015.md,研究生招生夏令营活动,研究生教育,3f9f053e-71e6-4de6-9676-13815edbe1e1,ok,
KB-20260410-0016.md,研究生就业信息服务,研究生教育,0643e2a3-06fb-4415-90e4-9c5e68540e7d,ok,
KB-20260410-0017.md,研究生国际交流与访学,研究生教育,a86e6d04-a0e7-42dd-bead-eaabf1623d67,ok,
KB-20260410-0018.md,全国医学博士外语统一考试,研究生教育,6ab239a4-3744-4dc7-8616-407925519203,ok,
KB-20260410-0019.md,研究生教育管理系统使用,研究生教育,6ea17007-11a4-4fea-a9ea-55d48cf8b256,ok,
KB-20260410-0020.md,研究生招生办公室联系方式,证件与校园服务,a991c8c1-f2fb-4235-8cd9-7ea5a4fca0b8,ok,
KB-20260410-0021.md,眼科学院简介与专业设置,院系与专业,7786dbbb-77bb-4e6a-8da8-9a1c6b8b4d62,ok,
KB-20260410-0022.md,预防医学科学学院（放射医学研究所）简介与专业设置,院系与专业,9d435743-a576-490d-8d3a-b424e98b448a,ok,
KB-20260410-0023.md,药学院（药物研究所）简介与专业设置,院系与专业,4553f56d-8e4d-415e-b4ea-904d4d352a4e,ok,
KB-20260410-0024.md,生物医学科学学院（省医药生物技术研究中心）简介与专业设置,院系与专业,c1cc1128-83be-44eb-aa43-ae56d637a063,ok,
KB-20260410-0025.md,实验动物学院（省实验动物中心）简介与专业设置,院系与专业,2b16a870-3261-4509-b8f9-3e891a13aa1d,ok,
KB-20260410-0026.md,医疗保障学院（省医药卫生科技信息研究所）简介与专业设置,院系与专业,2131b1fa-73ae-45a4-a2b0-cce20fe8486f,ok,
KB-20260410-0027.md,眼科学院国际交流项目,招生与深造,77741918-4b54-42c2-87f2-b054fcd04b75,ok,
KB-20260410-0028.md,预防医学科学学院放射医学就业与深造前景,就业与毕业,d4160400-f5ed-4f8a-886f-bda414d19944,ok,
KB-20260410-0029.md,药学院学生竞赛与创新创业成果,竞赛与第二课堂,aae35f25-4bfe-427a-8b4c-f7fc970f0b9a,ok,
KB-20260410-0030.md,实验动物学院科研平台与实验设施,科研与创新,fb4791ce-431e-4168-ab6c-b5d0bd13ffd5,ok,
KB-20260410-0031.md,医疗保障学院实践教学基地与实习安排,教务与课程,9fc2ba03-6b48-406c-aa53-7ad94eb88350,ok,
KB-20260410-0032.md,生物医学科学学院研究生培养与导师信息,研究生教育,3cd14654-511a-4fda-b33b-94230eb553bc,ok,
KB-20260410-0033.md,放射医学专业报考指南与选科要求,招生与深造,500acf98-e0ac-4fa9-a5a8-8cb07d684ae2,ok,
KB-20260410-0034.md,药学院保研政策与考研情况,招生与深造,a9221410-06e5-4461-abdc-85c81d422c58,ok,
KB-20260410-0035.md,实验动物学院就业方向与行业前景,就业与毕业,e5b2607d-05b1-4f67-95be-c1294bb636c1,ok,
KB-20260410-0036.md,生命科学学院简介与专业设置,院系与专业,e2fac0f7-421d-43fd-b05d-fb2fbb492bbb,ok,
KB-20260410-0037.md,医学信息与人工智能学院简介与专业设置,院系与专业,711e5e46-e2a7-4619-92f7-8fcce5928b87,ok,
KB-20260410-0038.md,化学与制药工程学院简介与专业设置,院系与专业,07b8f303-8372-4cf8-87dd-5ca23e40ba6a,ok,
KB-20260410-0039.md,马克思主义学院简介与职能,院系与专业,adc3c82b-ca46-457d-8faf-6b0040b9b09a,ok,
KB-20260410-0040.md,医药管理学院简介与职能,院系与专业,0f33276a-fbf2-4fb9-bf11-314b756ea7a6,ok,
KB-20260410-0041.md,外国语学院简介与职能,院系与专业,6df6e953-461e-460a-81f7-a3b037b9d3f7,ok,
KB-20260410-0042.md,继续教育学院简介与职能,院系与专业,5855a559-b062-4d76-bd86-3497ad8c1977,ok,
KB-20260410-0043.md,国际教育学院简介与职能,院系与专业,2073a32d-4b05-4dad-8982-3551b175e2a0,ok,
KB-20260410-0044.md,通识教育部简介与职能,院系与专业,13abf492-4de9-4c09-a4ef-761ce17507d2,ok,
KB-20260410-0045.md,各学院联系电话汇总（济南校区）,证件与校园服务,04ce2129-1f74-479b-a930-e0c5c602d3ed,ok,
KB-20260410-0046.md,各学院联系电话汇总（泰安校区）,证件与校园服务,46f0ac4b-4911-4eea-8ace-9c02d64ca1e6,ok,
KB-20260410-0047.md,继续教育学院成人高考与自考报名指南,招生与深造,ad251dd5-d4f7-4c77-b7ee-76dd32d0f337,ok,
KB-20260410-0048.md,国际教育学院留学生招生指南,招生与深造,5d13619c-0f9e-4c82-ad01-6274341651bb,ok,
KB-20260410-0049.md,通识教育课程体系与选课指南,教学与培养,207d3af0-47ea-4fe0-8558-1d6fdda4d525,ok,
KB-20260410-0050.md,实验动物学院特色平台与动物实验服务,科研与创新,34738487-5c6f-435b-a2ad-64f44d0fa096,ok,
KB-20260410-0051.md,医疗保障学院专业介绍与培养特色,院系与专业,3e2982cf-33a2-412e-b938-6530685bcbdf,ok,
KB-20260410-0101.md,2026年春季开学通勤车时刻表,校园生活与服务,a69edb5e-e51b-4418-96e9-cc3fea90f251,ok,
KB-20260410-0102.md,通勤车联系人与预约方式,校园生活与服务,b6b70892-f152-4a36-bb07-1558780f7b03,ok,
KB-20260410-0103.md,泰安校区幼儿园2026年秋季报名通知,校园生活与服务,e96b10c9-93db-416d-af4b-16332e7be59a,ok,
KB-20260410-0104.md,2026年清明节假期通勤车安排,校园生活与服务,40f9eb15-4202-4ea3-9bef-3575c0115500,ok,
KB-20260410-0105.md,清明节假期水电暖报修联系方式,校园生活与服务,36efc159-e0f9-41d5-9208-ded0781164be,ok,
KB-20260410-0106.md,清明节假期食堂供餐与校医院服务,校园生活与服务,58ad34c6-cb2f-4029-bd40-12d664625634,ok,
KB-20260410-0107.md,校园食品安全十必须规定,校园生活与服务,c8f5b39a-09d5-4ba6-a9d8-96e03c3cebf9,ok,
KB-20260410-0108.md,学校食堂工作人员十不准行为规范,校园生活与服务,c2b6bc1c-df3c-43c4-9196-38ee4f179a3e,ok,
KB-20260410-0109.md,2026年硕士研究生招生调剂基本要求与接收专业,研究生事务,cf13f1e6-e237-4bd3-9117-1b01a7386db2,ok,
KB-20260410-0110.md,硕士研究生调剂流程与研招办联系方式,研究生事务,4cb6161b-8741-44ec-a5a9-be389948bf6e,ok,
KB-20260410-0111.md,AI讲座打卡活动领奖安排,图书馆服务,a755e89a-6b6e-4765-9b1a-fb47fef8fc00,ok,
KB-20260410-0112.md,清明节假期图书馆开馆安排,图书馆服务,b0bac0ff-74ef-4531-b50c-ca8e67fecae3,ok,
KB-20260410-0113.md,2026年阿尔伯塔大学暑期健康科学项目,国际交流,cc9f87e2-c721-4234-b288-f2f232b317f8,ok,
KB-20260410-0114.md,2026年剑桥大学暑期双导师科研学术项目,国际交流,aa87119c-565a-4ae6-8922-10476e05ac8e,ok,
KB-20260410-0115.md,山东省大学生就业服务平台使用指南,毕业与就业,c8ffd995-917f-4d31-959b-c6a953d1df99,ok,
KB-20260410-0116.md,年终结账与报销截止时间,财务与缴费,39fb921e-8fcb-46f2-810d-cecc0bb75155,ok,
KB-20260410-0117.md,财务处假期工作安排与联系方式,财务与缴费,cfec1d91-38a3-4177-99c9-2f90ad2d91cd,ok,
KB-20260410-0118.md,个人所得税年度汇算操作步骤,财务与缴费,0c57740f-ceb2-42ed-957f-a503d03b2d91,ok,
KB-20260410-0119.md,个税汇算预约方式与办理时间,财务与缴费,e45f09c6-e0c7-491c-b512-f8c4397f4a49,ok,
KB-20260410-0120.md,山东省高校师生阅读活动通知,图书馆服务,33401ce6-cbe5-4350-91e2-56095bc706a5,ok,
KB-20260410-0121.md,益客集团2024届校园招聘,毕业与就业,bdcf1f93-c0f6-4bf8-b7a3-7347b7592891,ok,
KB-20260410-0122.md,易智咨询（济南）招聘项目助理,毕业与就业,495c9938-a772-4873-a8f4-325d9cf9836c,ok,
KB-20260410-0123.md,中国医学科学院医学信息研究所博士后招聘,毕业与就业,da728eb3-e95b-4ee3-99cd-ddcb9443531a,ok,
KB-20260410-0124.md,东营市第二人民医院2024年公开招聘,毕业与就业,91fb317d-b9fc-4572-a414-70afda8f8ff9,ok,
KB-20260410-0125.md,山东博速招聘运营管培生,毕业与就业,5ff5677d-cbb1-42f7-9b9e-b04ca84e9313,ok,
KB-20260410-0126.md,东营鸿港医院精神心理科招聘,毕业与就业,8c38f2db-62a7-41a9-9e60-52ce92a4715b,ok,
KB-20260410-0127.md,图书馆2024年端午节开馆安排,图书馆服务,bbd090a3-9cda-48d8-902e-acc62fb25963,ok,
KB-20260410-0128.md,浙江中医药大学基础医学院2024年招聘,毕业与就业,620213b4-4372-436c-9194-162102f694b4,ok,
KB-20260410-0129.md,锦州医科大学医疗学院招聘启事,毕业与就业,0a1d5196-a682-48bc-a193-2afb47d7a015,ok,
KB-20260410-0130.md,武警山东总队医院社会用工招聘,毕业与就业,60c92dd7-61ac-4a01-ae7b-dad616b6f47b,ok,
KB-20260410-0131.md,滨州医学院2024年公开招聘中高级专业技术人才,毕业与就业,51a1e51b-b91e-4387-86cb-bfcbe0a691dc,ok,
KB-20260410-0132.md,曹县公立医院2024年校园招聘,毕业与就业,acf2e074-558c-473a-b954-ce3d9b921941,ok,
KB-20260410-0133.md,山东博速招聘管培生/储备店长（泰安）,毕业与就业,a991ae72-fa9a-408b-bbc8-3a3524114b1c,ok,
KB-20260410-0134.md,兰树化妆品股份有限公司招聘,毕业与就业,4eccf2de-7654-490f-b6ca-09db19f5fba6,ok,
KB-20260410-0165.md,山东省立医院2024年住院医师规范化培训招生,毕业与就业,c7d4b4b7-e504-4974-8f57-ad0119f3fe57,ok,
KB-20260410-0166.md,深圳市人民医院2024年博士后招聘公告,毕业与就业,f946a821-7572-4bca-b6ff-1b67d01142b2,ok,
KB-20260410-0167.md,山东省公安机关专项招录公务员公告,毕业与就业,c9b1bf33-76a4-4d6b-a6ea-7a19ea2dcda8,ok,
KB-20260410-0168.md,山东省县级纪委监委机关专项招录公务员公告,毕业与就业,ab1a4780-093e-4e93-97a8-e66ad3a3cd0a,ok,
KB-20260410-0169.md,烟台市卫健委所属事业单位2024年招聘公告,毕业与就业,22385286-58bf-4d5f-a33c-148ac6c33f8f,ok,
KB-20260410-0170.md,新概念教育集团2025届校园招聘简章,毕业与就业,4469e7f7-06f2-44dc-9e53-5e2d1daada63,ok,
KB-20260410-0171.md,齐鲁制药集团2025校园招聘公告,毕业与就业,c2a10197-07c0-40b6-88c0-eddff89d5c5f,ok,
KB-20260410-0172.md,中国医学科学院医学信息研究所2024年招聘公告,毕业与就业,07fd92c7-54f6-4a47-a4fc-146340e89977,ok,
KB-20260410-0173.md,江苏医药职业学院2024年下半年公开招聘公告,毕业与就业,91fd450c-57a1-4b9d-99d2-23f5d65d29aa,ok,
KB-20260410-0174.md,北京安贞医院2025年应届毕业生招聘公告,毕业与就业,841a58ec-8a4d-469a-961b-0673056600e7,ok,
KB-20260410-0175.md,济南市槐荫人民医院2024年招聘公告,毕业与就业,38c2f777-8ab7-487e-b6d9-e186a9b99faa,ok,
KB-20260410-0176.md,人民日报社2025年度公开招聘工作人员公告,毕业与就业,e553049c-db21-4824-8a02-f692d19ef6ce,ok,
KB-20260410-0177.md,曲阜市第二人民医院2024年招聘派遣制人员公告,毕业与就业,55aacd92-4761-417f-8b94-2c2f2e9df8e2,ok,
KB-20260410-0178.md,济南国际医学中心管理委员会公开招聘公告,毕业与就业,34d0a6a9-21e9-4463-95c6-2e6e494bcfbc,ok,
KB-20260410-0179.md,泰安八十八医院招聘公告,毕业与就业,cb50332c-9c7f-4158-b514-c9f343ec4bab,ok,
KB-20260410-0214.md,济南市莱芜人民医院招聘公告,毕业与就业,c71c4d7f-138d-44b8-9fd9-909dcef75aaf,ok,
KB-20260410-0215.md,图书馆探秘寻宝盖章活动,图书馆服务,0b926229-882e-4092-8c3d-e198ce3f8025,ok,
KB-20260410-0216.md,图书馆教职医护员工著作捐赠活动,图书馆服务,539249b6-4bd1-46ee-ad73-61f8232f3735,ok,
KB-20260410-0217.md,世界读书日校园文化月系列活动,图书馆服务,cac6071d-fd81-436a-9790-a9136f44a188,ok,
KB-20260410-0218.md,抗战胜利80周年主题作品征集,图书馆服务,92fced45-a9e9-4c24-bb7c-a91e0b13c1ed,ok,
KB-20260410-0219.md,图书馆馆徽和吉祥物设计征集,图书馆服务,3ebafbd4-4e82-40f6-bd77-a931f6222a9e,ok,
KB-20260410-0220.md,济南市中西医结合医院招聘公告,毕业与就业,0ced4e8e-976d-40cf-8916-d91e2f1f68a4,ok,
KB-20260410-0221.md,山东省2025年三支一扶计划招募,毕业与就业,6d7a40ae-1ba7-481f-b0ba-8a8d48a35f8d,ok,
KB-20260410-0222.md,烟台市牟平区公开招聘优秀毕业生,毕业与就业,456f6c7e-4fc4-4a7a-a024-64876334e081,ok,
KB-20260410-0223.md,山东省鲁南眼科医院招聘公告,毕业与就业,f2c239d7-b47f-4991-8626-22d9b11f38ea,ok,
KB-20260410-0224.md,山东第一医科大学附属肿瘤医院招聘,毕业与就业,e4d42551-b4b2-4a18-966d-8dae5898fe27,ok,
KB-20260410-0225.md,枣庄市山亭区人民医院校园招聘,毕业与就业,68a12d7c-f2b5-4d10-9ef5-9b928ecd6b50,ok,
KB-20260410-0226.md,烟台市芝罘区卫生类事业单位招聘,毕业与就业,bde1eba6-7c16-4bf6-a948-bb0d618be847,ok,
KB-20260410-0227.md,山东省立医院紧缺岗位招聘公告,毕业与就业,fd56714a-f8c2-4759-81cf-ca6fb2e9821b,ok,
KB-20260410-0228.md,清明节期间图书馆正常开馆通知,图书馆服务,0e2f251c-15aa-483a-b82c-30b4e040da42,ok,
KB-20260410-0251.md,济南市章丘区卫健局2025年招聘,毕业与就业,c15dddf4-52b3-4427-b369-520d16f8b3da,ok,
KB-20260410-0252.md,北京中医药大学东方医院枣庄医院招聘,毕业与就业,d3ad0195-3e90-4625-87a7-17418bfbd609,ok,
KB-20260410-0253.md,山东大学第二医院2025年劳务派遣招聘,毕业与就业,2c841bd4-6456-44d3-a505-8eca54ecd8ef,ok,
KB-20260410-0254.md,山东第一医科大学附属皮肤病医院招聘,毕业与就业,81476690-5063-4f7f-a076-a9fd7caf6509,ok,
KB-20260410-0255.md,潍坊市益都中心医院2025年校园招聘,毕业与就业,24f67586-fe72-46f3-a3d4-b68b74b30bf0,ok,
KB-20260410-0256.md,图书馆2025年暑假开馆安排,图书馆服务,314267eb-cbe7-4eea-a8b6-18a250ef5eff,ok,
KB-20260410-0257.md,2025秋季全国医药高校巡回招聘会,毕业与就业,e1b8ec28-288b-4889-bcab-c6b6a65f325e,ok,
KB-20260410-0258.md,暨南大学附属第一医院潮汕医院招聘,毕业与就业,435649d8-f36d-4329-8bec-9472a1baf7d4,ok,
KB-20260410-0259.md,济南市第八人民医院2025年招聘,毕业与就业,acf6ce0c-a3c7-46cd-9437-3cd0aff3525a,ok,
KB-20260410-0260.md,2026届医药卫生行业秋季线上招聘会,毕业与就业,7aafb9f7-9672-4d55-801a-7858ba8772e3,ok,
KB-20260410-0261.md,图书馆国庆中秋双节开馆安排,图书馆服务,c0db2678-f6e5-44ff-af30-fb834a5d19c6,ok,
KB-20260410-0262.md,图书馆停电期间暂停服务通知,图书馆服务,23b77f7d-a804-4f22-ac6b-f95b66330df2,ok,
KB-20260410-0263.md,济南市第七人民医院2025年招聘,毕业与就业,1a4c8976-3a1e-4717-9c89-aa777cbd3834,ok,
KB-20260410-0264.md,图书馆AI赋能短视频制作大赛,图书馆服务,b676ad7c-f2fa-44a6-8009-a6e187acfac3,ok,
KB-20260410-0265.md,图书馆三国知识趣味大比拼活动,图书馆服务,fcd612b8-8463-4bc2-ba1c-9b66cf9287ac,ok,
KB-20260410-0290.md,知网科研写作专题培训讲座,图书馆服务,5a91ac1e-76d6-42a2-be26-28df15a846bf,ok,
KB-20260410-0291.md,MBTI书香之旅阅读活动,图书馆服务,032ddd6f-7bf4-4b70-b11e-3e95ba30f036,ok,
KB-20260410-0292.md,AI主题讲座打卡活动领奖通知,图书馆服务,d6469d3a-5beb-4db3-b786-b02304ff626b,ok,
KB-20260410-0293.md,2024年清明节通勤车停发安排,校园生活与服务,18281beb-e112-4deb-909e-a18a9065d119,ok,
KB-20260410-0294.md,2024年清明节后勤保障服务安排,校园生活与服务,0bf2cbc7-9cba-42b2-adc7-22c75885c83a,ok,
KB-20260410-0295.md,2024年运动会期间通勤车调整安排,校园生活与服务,9e0d1fe5-e764-4916-8b9b-22124414c2da,ok,
KB-20260410-0296.md,2024年端午节后勤保障服务安排,校园生活与服务,6e7e50f2-2e0a-4764-b224-45bc0c8a8ef0,ok,
KB-20260410-0297.md,教职工子女幼儿园保教费报销通知,校园生活与服务,632ef2bd-4b60-4740-a5a6-23b0ee54f691,ok,
KB-20260410-0298.md,2024年国庆节后勤保障服务安排,校园生活与服务,57224221-8e9a-4a66-a6a4-2c7362eba3a2,ok,
KB-20260410-0299.md,2024年教职工健康查体安排,校园生活与服务,4115073f-5059-43c6-9ebd-da446ecaf666,ok,
KB-20260410-0300.md,济南校区暖气注水试压通知,校园生活与服务,0d3414e2-391d-46a7-a5e8-d9e780777bfe,ok,
KB-20260410-0301.md,泰安校区暖气管网注水试压通知,校园生活与服务,d4e7837e-6b0f-4958-a0ee-a892b0423b42,ok,
KB-20260410-0302.md,泰安市内往返泰安校区通勤车调整,校园生活与服务,a1033eef-6153-483e-9e46-b157388c10dd,ok,
KB-20260410-0303.md,通勤车部分班次发车时间调整通知,校园生活与服务,bb369379-d9c1-40f1-b0f5-651391fb21b6,ok,
KB-20260410-0316.md,泰安校区图书馆管道维修通知,校园生活与服务,50bbff18-43e7-44ab-9990-3e075c9d0744,ok,
KB-20260410-0317.md,济南往返泰安校区通勤车试运行,校园生活与服务,be822b05-b46b-4398-b28f-112f6f7ec28e,ok,
KB-20260410-0318.md,期末考试周通勤车时间调整,校园生活与服务,5a7393b8-cb09-4f81-9e2c-072a9a961d57,ok,
KB-20260410-0319.md,毕业典礼期间通勤车运行调整,校园生活与服务,8612270b-5214-424f-8f84-61055220356d,ok,
KB-20260410-0320.md,秋季学期开学通勤车运行安排,校园生活与服务,faa7d980-6b99-4a02-8960-851b2d9bb564,ok,
KB-20260410-0321.md,国庆节假期后勤保障工作安排,校园生活与服务,f5338cc9-261a-4074-92fc-0310069d57c9,ok,
KB-20260410-0322.md,隐翅虫预防指南,校园生活与服务,27d0c543-b0bc-4225-9f13-2391441088e7,ok,
KB-20260410-0323.md,济南校区通勤车始发站调整通知,校园生活与服务,ee380557-92af-4392-ba89-b26ab90f93cf,ok,
KB-20260410-0324.md,泰安校区暖气管网注水试压通知,校园生活与服务,d4e7837e-6b0f-4958-a0ee-a892b0423b42,ok,
KB-20260410-0325.md,济南校区暖气管网注水试压通知,校园生活与服务,7f6dd904-038a-41d3-871c-c21a7393c6eb,ok,
KB-20260410-0326.md,2025年教职工健康查体安排,校园生活与服务,0d1665c8-5bea-44e6-880c-850bef5739ba,ok,
KB-20260410-0327.md,教职工子女幼儿园保教费报销,校园生活与服务,a646712a-0451-4822-b9ad-525dfa6d2425,ok,
KB-20260410-0328.md,济南校区教工餐临时调整通知,校园生活与服务,c1ef8c7b-360e-4c9e-9291-1f9ea3289c07,ok,
KB-20260410-0329.md,通勤车临时调整发车时间通知,校园生活与服务,2d46c65f-c263-445e-8690-221407c3823a,ok,
KB-20260410-0330.md,元旦假期后勤保障服务工作安排,校园生活与服务,4ae68f8d-64fd-42f5-8d90-fa86b9fcd640,ok,
KB-20260410-0345.md,2026年春季开学通勤车安排,校园生活与服务,79f7cabb-2e95-498e-9f49-34feda886ec6,ok,
KB-20260410-0346.md,泰安校区幼儿园2026年秋季招生,校园生活与服务,f8c32d64-691f-4925-b391-3f760291def4,ok,
KB-20260410-0347.md,2026年清明节假期后勤保障安排,校园生活与服务,d30b4e97-307f-4a62-b8ef-b8ea878a633a,ok,
KB-20260410-0348.md,2025年韩国互换奖学金遴选,国际交流,ec6c8d82-b27d-40fa-87df-da29367cdaec,ok,
KB-20260410-0349.md,CSC与英国利物浦大学合作奖学金,国际交流,1fa6a57a-a97f-4737-ae39-8b57fcdb9657,ok,
KB-20260410-0350.md,2025年国际组织实习项目,国际交流,a0ac3e05-8f6d-4e5f-998f-bbb3bd335e5b,ok,
KB-20260410-0351.md,国家公派出国留学外语条件,国际交流,dba867df-b9a4-4c0c-ab42-706902678363,ok,
KB-20260410-0352.md,留学服务一件事办理指南,国际交流,372ed37b-ab2b-4414-94c2-597ad0dfb10d,ok,
KB-20260410-0353.md,2025年世界名校暑期访学项目,国际交流,fddb0516-5e20-44ab-b324-41ac39917745,ok,
KB-20260410-0354.md,2025年度高水平大学短期交流项目,国际交流,84d71a19-5fb6-4ac3-acb3-bf054266f0e7,ok,
KB-20260410-0355.md,帝国理工学院2026年寒假医学访学,国际交流,91a85136-05e7-400e-930f-51c7da27ec71,ok,
KB-20260410-0356.md,2025年下半年外语考试奖学金,国际交流,daeb65ce-9523-45fc-a28f-363e4ffd3a24,ok,
KB-20260410-0357.md,2025年下半年海外交流学习奖学金,国际交流,e486562f-e1e9-4657-8932-0f17f70c8352,ok,
KB-20260410-0374.md,马来西亚国立大学2026年春季交换生项目,国际交流,723aec0f-e7ea-4e01-8654-73a91efe157a,ok,
KB-20260410-0375.md,2026年接收推免研究生（含直博生）简章,研究生事务,c7ed75d4-8533-4527-9e18-fcd3ec573e70,ok,
KB-20260410-0376.md,红帆讲堂第22期研究生申博经验分享讲座,研究生事务,c467b613-a912-4c7a-a5e9-14307aa99999,ok,
KB-20260410-0377.md,红帆讲堂第28期申博经验分享讲座,研究生事务,506cd1e8-fde0-4e25-abd8-0f9458c04413,ok,
KB-20260410-0378.md,红帆讲堂第31期论文写作与答辩经验分享,研究生事务,2b079084-10f1-41a4-933f-01d2cbe42892,ok,
KB-20260410-0379.md,心理游戏疗愈工坊周六沙龙,心理健康,e287b52b-25fb-418d-bda9-b941e83b9df1,ok,
KB-20260410-0380.md,《蛤蟆先生去看心理医生》读书沙龙招募,心理健康,0818d5f4-bf94-4d51-b12c-e83b97b7a4a1,ok,
KB-20260410-0381.md,《被讨厌的勇气》心理读书沙龙招募,心理健康,deeb9509-d798-4388-aaf5-542cd18e6037,ok,
KB-20260410-0382.md,秋冬的心事心理健康作品征集大赛,心理健康,b12e7932-29a4-493f-86db-cfbdf45400db,ok,
KB-20260410-0383.md,《非暴力沟通》心理读书沙龙招募,心理健康,77b1b515-ec57-4b48-8014-c63da2f7e1f2,ok,
KB-20260410-0384.md,减压赋能助力考研团体辅导招募,心理健康,d767334c-a71f-464c-940f-c1df88b2558c,ok,
KB-20260410-0385.md,心理主题团体辅导报名（多主题）,心理健康,6e836528-5712-467f-8de5-ac1bc3ea5b25,ok,
KB-20260410-0395.md,2025年学生心理普测活动,心理健康,98f01f1b-e810-4425-a43e-59dd9173e253,ok,
KB-20260410-0396.md,12356心理援助热线,心理健康,5b2eee8b-013e-4d73-b4f6-8754f1217af3,ok,
KB-20260410-0397.md,校级心理协会纳新,心理健康,fffa334c-f3cc-4df9-8115-9552c0cbe963,ok,
KB-20260410-0398.md,2024年本科录取查询方式,学籍与教务,5c2c0529-7c3f-4900-8dd2-5a2f897dfbb7,ok,
KB-20260410-0399.md,2024年省属公费医学生录取,学籍与教务,6cab8df1-1f76-4ead-bdfa-66345eb3f310,ok,
KB-20260410-0400.md,2024级新生入学指南,校园生活与服务,6e421f4e-a7ba-4996-9b23-dc7efa57288f,ok,
KB-20260410-0401.md,2025年报考指南,学籍与教务,526921db-095f-4ed7-80ef-4db29a769ea8,ok,
KB-20260410-0402.md,2025年本科录取动态查询,学籍与教务,5325e770-3698-429d-b6c7-ec5f7301e63c,ok,
KB-20260410-0403.md,2025级新生入学指南,校园生活与服务,39ba3514-78c0-4683-ac6d-2bee3a48b391,ok,
KB-20260410-0404.md,一站式学生社区值班指南,校园生活与服务,300a58e2-2666-4fe1-924b-4175bb6ceba3,ok,
KB-20260410-0405.md,一站式学生社区服务指南,校园生活与服务,20ed0545-874e-437d-9cff-94c7b25fa37d,ok,
KB-20260410-0406.md,济南校区南门口过街安全提醒,校园生活与服务,293260d6-4791-4f42-adc9-ba7340939feb,ok,
KB-20260410-0407.md,2026年清明节放假安全须知,校园生活与服务,90bf29cb-112f-4838-8382-b5010563fe62,ok,
KB-20260410-0408.md,医学科技创新中心准入培训,科研与创新,ecd03554-4671-4be2-b2f6-eb23f14b778c,ok,
KB-20260410-0409.md,科创中心2026年第二批博士招生,科研与创新,c5c4a5f9-9564-4bf7-aae0-d138933cd4c0,ok,
KB-20260410-0414.md,科创中心准入培训报名方式,科研与创新,8ac373c2-7ea4-4d7c-b27f-ffe010ab4d67,ok,
KB-20260410-0415.md,计划财务部寒假值班安排,财务与缴费,2c77725f-3e57-48f4-9aec-a0a9ccfde0a2,ok,
KB-20260410-0416.md,个人所得税汇算清缴办理指南,财务与缴费,03e1212a-d0b8-4d9f-835f-3eb765318b12,ok,
KB-20260410-0417.md,差旅电子发票报销指南,财务与缴费,2fe1caf8-8a53-47a4-9242-aa9387be7664,ok,
KB-20260410-0418.md,财务盖章业务流程,财务与缴费,62364aa5-bfbf-4250-b5c3-1e9f1d413a6c,ok,
KB-20260410-0419.md,公务卡办理流程,财务与缴费,2fa7a7b5-aa85-481e-ad67-495bae78f2ab,ok,
KB-20260410-0420.md,来款查询流程,财务与缴费,d712874f-87ea-4685-bd2a-26b84a1f2534,ok,
KB-20260410-0421.md,劳务费报销流程,财务与缴费,547054b0-053e-4eaf-a3fd-2bde0431f4b8,ok,
KB-20260410-0422.md,计划财务部暑期值班安排,财务与缴费,a8510ae9-3361-434c-9444-19ff5eb9336b,ok,
KB-20260410-0428.md,2025级新生缴费指南,财务与缴费,918cb27c-ae26-4d64-a1e4-9c024e7b3081,ok,
KB-20260410-0429.md,学生学宿费收取流程,财务与缴费,6c09fbb3-f66f-46b9-a461-97cfe0526a48,ok,
KB-20260410-0430.md,租用社会车辆报销流程,财务与缴费,77bea2ed-30df-4d74-8b5f-b549e78ee5bf,ok,
KB-20260410-0431.md,校内预算编制与审批流程,财务与缴费,a7f21455-8f2d-4c41-a03a-86f9a552b45d,ok,
KB-20260410-0432.md,2025年度年终结账工作通知,财务与缴费,abd64273-fc47-4912-91d0-2f1b8f922e90,ok,
KB-20260410-0433.md,2026年计划财务部寒假工作安排,财务与缴费,b1a9d819-9fe5-465a-b511-9e139b110aea,ok,
KB-20260410-0434.md,2025年度个税汇算办理指南,财务与缴费,779575c9-87f6-43df-9dd2-9cf3b935e4ba,ok,
KB-20260410-0435.md,医药管理学院2026年硕士复试细则,研究生事务,04f9b819-8628-4a5b-ac8b-012ba33b0fa7,ok,
KB-20260410-0436.md,新生入学指南,校园生活与服务,05881ba1-cf5f-4b93-a8ab-aadff24969e4,ok,
KB-20260410-0437.md,2026年青鸟计划寒假实习实践指南,毕业与就业,e518de04-69b2-46f8-bfcc-43869c9f5c77,ok,
KB-20260410-0438.md,2026年大学生志愿服务西部计划报名,毕业与就业,c734ac7a-31be-490c-a741-a2ef7a1d219d,ok,
KB-20260410-0439.md,济南校区教工餐用餐时间临时调整,校园生活与服务,a66da3dd-9a71-4dd0-996c-61dd13ce1806,ok,
KB-20260410-0440.md,泰安校区餐厅启用一卡通设备,校园生活与服务,710539de-4cd1-48ec-8da3-33bd15956f84,ok,
KB-20260410-0441.md,饮食服务中心寒假餐厅值班安排,校园生活与服务,8ebc21e8-0bed-4f2f-bd14-b7083ad276c0,ok,
KB-20260410-0448.md,校园食品安全十必须,校园生活与服务,8a0c4c2c-cda5-4de9-96b6-3d56ed5e1257,ok,
KB-20260410-0449.md,食堂工作人员十不准,校园生活与服务,d9d06a79-dc7f-47df-a9d2-bc12fbec3fba,ok,
KB-GEN-SUMMARY-20260410.md,KB-GEN-SUMMARY-20260410,,2c4bfa8b-9f0d-48c0-b2c7-4eb2e640f29e,ok,
