time	queue_len	queue_memory	used_memory	worker
2026-08-09T16:41:13+08:00	1	1162	1121168	running
2026-08-09T16:41:43+08:00	0	0	1386112	running
2026-08-09T16:42:13+08:00	0	0	1386112	running
2026-08-09T16:42:43+08:00	0	0	1345160	running
2026-08-09T16:43:13+08:00	0	0	1386112	running
2026-08-09T16:43:44+08:00	0	0	1386112	running
2026-08-09T16:44:14+08:00	0	0	1345160	running
2026-08-09T16:44:44+08:00	0	0	1427064	running
2026-08-09T16:45:14+08:00	0	0	1386112	running
2026-08-09T16:45:44+08:00	0	0	1345160	running
2026-08-09T16:46:14+08:00	0	0	1427064	running
2026-08-09T16:46:45+08:00	0	0	1345160	running
2026-08-09T16:47:15+08:00	0	0	1345160	running
2026-08-09T16:47:45+08:00	0	0	1386112	running
2026-08-09T16:48:15+08:00	0	0	1345160	running
2026-08-09T16:48:45+08:00	0	0	1345160	running
2026-08-09T16:49:15+08:00	0	0	1386112	running
2026-08-09T16:49:46+08:00	0	0	1386112	running
2026-08-09T16:50:16+08:00	0	0	1345160	running
2026-08-09T16:50:46+08:00	0	0	1345160	running
2026-08-09T16:51:16+08:00	0	0	1386112	running
